{"hist_sat_global":0.4,"hist_vis_global":0.6,"hist_sat":[0.0,0.0,1.631816984764265,2.055350044942948,4.865344746599474,1.7451184003008269,1.7603173511570058,1.4965200804102554,1.729421451068054,1.5948675219016748,1.691271971332044,1.8284360534387485,1.8469153299413261,2.168908854926828,3.538719173583715,2.3018465616603803,2.507108481971896,2.4539296673519457,2.236946831230487,3.7256965558459374,2.12404468219548,1.9815357893729473,2.1054104774486726,2.0953059300181804,2.01923207294105,3.66047275465611,2.184352146873806,2.0327716605990593,2.145946326249788,1.9809934912059826,2.088580086072697,1.9406225167583133,2.0878159167350923,2.385261174190514,2.2161528580198686,2.443591221515348,2.3686570633081074,2.3198035193533517,2.89851892257698,3.34246508857527,2.4633018062220438,2.126813661526825,3.7934319084761414,2.0285569178432725,1.887222623778269,2.005433809185398,1.9704252282941723,1.7080664195471995,1.8992387277970986,1.8543244325947423,1.9920190740329433,3.542139719650256,2.1743333578664714,2.070457555500665,3.7254232997428085,2.0943280589186206,2.219975022173435,1.6738195923779347,1.6708365888347676,1.6055938822592475,1.6252777505172546,1.607332308376477,1.6444967146830294,1.8620285427654935,1.9567535231304094,2.0496144230006443,3.6693842099676663,2.272968201434087,2.261547332779134,2.143072260747385,2.069007338635275,1.7570885263824025,1.9300400773361224,1.8705375951928263,1.7341594103031766,1.979272625636727,2.232775397219619,1.8922731611813524,1.797318041604944,1.5601915803830482,2.170053455120482,1.771203719188314,1.7026902781357145,1.722109457228804,1.7023790915424644,2.49728243579554,1.9469763132722895,3.250835704377664,2.1278454878973965,2.107110391536419,2.9375694022453973,2.3105626390563736,1.7700504634183856,1.7091098169104717,1.7467444209864809,1.7707518023402269,1.5495593977784596,1.5452038453569328,1.5978933873532526,1.5772547352031099,1.6257386636668858,1.6087887124172124,2.3543078070619847,1.9721640090601054,2.475298329367122,2.4445153698502162,2.127757840429284,2.4226116621568963,3.626774998043317,3.952368529399014,2.44140037876601,2.122889670049708,1.842343422143739,2.0761866163343927,1.7220968780272454,1.9204894707024733,1.805945851048838,1.8021208948912746,1.746025756128558,1.9795883174187854,2.0256193829026596,1.7638874881881086,1.6310059077596295,1.7323636918590695,1.789285082666612,1.896656345073566,3.5396768036578488,3.1513994554648033,2.329299783571685,1.9906669698072048,1.847743652017444,2.066936415380755,1.8627808186711616,1.867340916813122,1.9563797994531311,2.246110088298469,2.7830524013032134,3.289831859606423,2.4296756352372655,2.1463276470115935,2.2046037327589447,3.0066321301948986,2.3133221223602756,1.7953911741372524,1.7788899795683166,2.108492889869494,1.9220412526653614,2.0045563152245927,1.7175902733342103,1.779112613776918,1.9110055970380437,2.575140909882033,2.2237725500968866,2.7425601991492994,1.9115873456423886,1.7652993591268462,1.7873162691999769,1.6723502032929278,1.5597489618529619,1.8077444054280092,2.1760306808563166,1.9280511958521356,1.9621444603212082,1.793130887423463,1.541179845920284,1.5604664916225375,1.4200275394288064,1.3211821362635832,1.5672679073455922,0.9684240840140865,3.510494626338886,1.8850048752011452,1.5392940525383274,1.4004474978293373,1.2300166815950637,1.4092159474007246,1.508039000805549,1.2506684350435602,1.5661799547679893,1.5694314667341913,1.6683432870405204,2.038534441967865,3.25923860562183,1.9265968127920172,1.6770475109822025,1.4582739161423395,1.5621514230773144,1.3467456315850803,1.3085086823959267,1.142224476371938,1.1701838500986692,2.760577429624849,1.6188685325057373,1.6934747303757371,1.1353535265265742,1.1211014778803743,1.1520683200210171,1.2564164513916585,1.3995527467429993,1.522886352333092,1.3033559465257056,1.2171656106639404,1.3415247113053022,1.521380565900013,3.932784387780474,2.126803087058484,1.188235373356687,1.1481756024962224,1.381080349546345,1.125318744709027,1.1341172908815333,0.9659349887939733,1.4474818215221383,1.69217636159303,1.2084431828899784,1.1294731920467975,1.269790611783253,1.097529349828442,1.2562045563363813,1.5227007474933842,1.0522530388809606,1.043058223181041,0.9938119254280604,1.2043003453615944,1.1263117444592776,0.9066494094662403,1.0983009544864604,1.2674071960705047,0.9515631400699868,1.0870749810950875,1.1122666556626701,0.9619620483944322,1.3150218183472053,0.8925225704713966,0.9511671483773132,0.88970796490842,0.8366818572169009,0.7907083680566283,0.79327388456978,0.7506278497307873,0.902777824971538,1.1244771763336316,0.9218982471343292,0.6693305811279934,0.6252370675706103,0.6241796004548776,0.6084773464795109,0.5595607541797201,0.5861020003590872,0.5718292923721308,0.5538622572437033,0.4719765309044661,0.576032298339989,1.1783353268184071,0.0,4.246228736887578],